{"cameraMode":{"drawMode":0,"name":"Shaded","section":"Shading Mode"},"sceneLighting":false,"audioPlay":false,"sceneViewState":{"showFog":true,"showMaterialUpdate":false,"showSkybox":false,"showFlares":true,"showImageEffects":true,"showParticleSystems":true},"in2DMode":false,"pivot":{"x":-1.4914798736572266,"y":0.8532421588897705,"z":-0.28125},"rotation":{"x":0.17012493312358857,"y":0.02216988615691662,"z":-0.0038274696562439205,"w":0.985169529914856},"size":7.2392354011535648,"orthographic":false}