{"cameraMode":{"drawMode":0,"name":"Shaded","section":"Shading Mode"},"sceneLighting":false,"audioPlay":false,"sceneViewState":{"showFog":true,"showMaterialUpdate":false,"showSkybox":false,"showFlares":true,"showImageEffects":true,"showParticleSystems":true},"in2DMode":false,"pivot":{"x":-11.0,"y":0.699999988079071,"z":0.699999988079071},"rotation":{"x":0.18320529162883759,"y":0.10887638479471207,"z":-0.020414438098669053,"w":0.9768213629722595},"size":1.4000723361968995,"orthographic":false}