{"cameraMode":{"drawMode":0,"name":"Shaded","section":"Shading Mode"},"sceneLighting":true,"audioPlay":false,"sceneViewState":{"showFog":true,"showMaterialUpdate":false,"showSkybox":true,"showFlares":true,"showImageEffects":true,"showParticleSystems":true},"in2DMode":false,"pivot":{"x":-9.167885780334473,"y":0.34282708168029787,"z":1.252840518951416},"rotation":{"x":-0.6546709537506104,"y":-0.03918571025133133,"z":0.0340077206492424,"w":-0.7541562914848328},"size":5.144318580627441,"orthographic":false}