{"cameraMode":{"drawMode":0,"name":"Shaded","section":"Shading Mode"},"sceneLighting":false,"audioPlay":false,"sceneViewState":{"showFog":true,"showMaterialUpdate":false,"showSkybox":false,"showFlares":true,"showImageEffects":true,"showParticleSystems":true},"in2DMode":false,"pivot":{"x":-1.4914798736572266,"y":0.8532421588897705,"z":-0.28125},"rotation":{"x":0.19361934065818788,"y":-0.03825148567557335,"z":0.007555922493338585,"w":0.9803050756454468},"size":2.2887442111968996,"orthographic":false}